epoch,loss,val_loss
0,10.22421659564972,7.858265799751992
1,9.449350897312165,7.637206069367923
2,8.864898414850234,7.785703830521109
